{
    "name": "Sphere.001Geometry", 
    "uvs": [], 
    "vertices": [-0.183027, -2.09201, 0, 1.43192, -1.06802, 1.10401, -0.660052, -0.884992, 1.78634, -1.953, -0.771874, 0, -0.660052, -0.884992, -1.78634, 1.43192, -1.06802, -1.10401, 0.660052, 0.884992, 1.78634, -1.43192, 1.06802, 1.10401, -1.43192, 1.06802, -1.10401, 0.660052, 0.884992, -1.78634, 0.183027, 2.09201, -0, 0.734086, -1.85742, 0.648924, -0.495551, -1.74984, 1.04999, 0.4537, -1.14796, 1.69893, 0.734086, -1.85742, -0.648924, 1.68334, -1.25554, 0, -1.25552, -1.68335, 0, -1.53592, -0.973888, 1.04999, -0.495551, -1.74984, -1.04999, -1.53592, -0.973888, -1.04999, 0.4537, -1.14796, -1.69893, 1.22965, -0.107581, 1.69894, -0, 0, 2.1, -1.22965, 0.107581, 1.69894, -1.98962, 0.174069, 0.648927, -1.98962, 0.174069, -0.648927, -1.22965, 0.107581, -1.69894, 0, -0, -2.1, 1.22965, -0.107581, -1.69894, 1.53592, 0.973888, 1.04999, -0.4537, 1.14796, 1.69893, -1.68334, 1.25554, -0, -0.4537, 1.14796, -1.69893, 1.53592, 0.973888, -1.04999, 1.25552, 1.68335, -0, 0.495551, 1.74984, 1.04999, -0.734086, 1.85742, 0.648924, -0.734086, 1.85742, -0.648924, 0.495551, 1.74984, -1.04999, 1.71077, -0.621043, -0.876469, 1.71077, -0.621043, 0.876469, 1.74446, 0.872881, 0.524997, 1.74446, 0.872881, -0.524997, 1.60426, 1.22761, -0, 1.83648, -0.714803, 0.324463, 1.83648, -0.714803, -0.324463, 1.76277, 0.399909, 0.84946, 1.60964, -0.140825, 1.17393, 1.60964, -0.140825, -1.17393, 1.76277, 0.399909, -0.84946, 1.54589, 0.694318, -0.411988, 1.43587, 0.97269, -0, 1.54589, 0.694318, 0.411988, 1.51945, -0.47803, -0.687804, 1.44009, -0.101182, -0.921236, 1.56026, 0.323156, -0.666609, 1.51945, -0.47803, 0.687804, 1.44009, -0.101182, 0.921236, 1.56026, 0.323156, 0.666609, 1.6181, -0.551608, -0.254621, 1.6181, -0.551608, 0.254621], 
    "faces": [32, 13, 11, 1, 0, 1, 2, 32, 11, 13, 12, 1, 0, 3, 32, 2, 12, 13, 4, 3, 0, 32, 12, 0, 11, 3, 5, 1, 32, 15, 1, 11, 6, 2, 1, 32, 11, 14, 15, 1, 7, 6, 32, 5, 15, 14, 8, 6, 7, 32, 11, 0, 14, 1, 5, 7, 32, 17, 12, 2, 9, 3, 4, 32, 12, 17, 16, 3, 9, 10, 32, 3, 16, 17, 11, 10, 9, 32, 16, 0, 12, 10, 5, 3, 32, 19, 16, 3, 12, 10, 11, 32, 16, 19, 18, 10, 12, 13, 32, 4, 18, 19, 14, 13, 12, 32, 18, 0, 16, 13, 5, 10, 32, 20, 18, 4, 15, 13, 14, 32, 18, 20, 14, 13, 15, 7, 32, 5, 14, 20, 8, 7, 15, 32, 14, 0, 18, 7, 5, 13, 32, 22, 2, 13, 16, 4, 0, 32, 13, 21, 22, 0, 17, 16, 32, 6, 22, 21, 18, 16, 17, 32, 21, 13, 1, 17, 0, 2, 32, 24, 3, 17, 19, 11, 9, 32, 17, 23, 24, 9, 20, 19, 32, 7, 24, 23, 21, 19, 20, 32, 23, 17, 2, 20, 9, 4, 32, 26, 4, 19, 22, 14, 12, 32, 19, 25, 26, 12, 23, 22, 32, 8, 26, 25, 24, 22, 23, 32, 25, 19, 3, 23, 12, 11, 32, 28, 5, 20, 25, 8, 15, 32, 20, 27, 28, 15, 26, 25, 32, 9, 28, 27, 27, 25, 26, 32, 27, 20, 4, 26, 15, 14, 32, 6, 21, 29, 18, 17, 28, 32, 30, 22, 6, 29, 16, 18, 32, 22, 30, 23, 16, 29, 20, 32, 7, 23, 30, 21, 20, 29, 32, 23, 2, 22, 20, 4, 16, 32, 31, 24, 7, 30, 19, 21, 32, 24, 31, 25, 19, 30, 23, 32, 8, 25, 31, 24, 23, 30, 32, 25, 3, 24, 23, 11, 19, 32, 32, 26, 8, 31, 22, 24, 32, 26, 32, 27, 22, 31, 26, 32, 9, 27, 32, 27, 26, 31, 32, 27, 4, 26, 26, 14, 22, 32, 33, 28, 9, 32, 25, 27, 32, 35, 6, 29, 33, 18, 28, 32, 29, 34, 35, 28, 34, 33, 32, 10, 35, 34, 35, 33, 34, 32, 36, 7, 30, 36, 21, 29, 32, 30, 35, 36, 29, 33, 36, 32, 10, 36, 35, 35, 36, 33, 32, 35, 30, 6, 33, 29, 18, 32, 37, 8, 31, 37, 24, 30, 32, 31, 36, 37, 30, 36, 37, 32, 10, 37, 36, 35, 37, 36, 32, 36, 31, 7, 36, 30, 21, 32, 38, 9, 32, 38, 27, 31, 32, 32, 37, 38, 31, 37, 38, 32, 10, 38, 37, 35, 38, 37, 32, 37, 32, 8, 37, 31, 24, 32, 33, 38, 34, 32, 38, 34, 32, 10, 34, 38, 35, 34, 38, 32, 38, 33, 9, 38, 32, 27, 33, 15, 44, 40, 1, 6, 39, 40, 2, 32, 44, 15, 45, 39, 6, 41, 33, 5, 39, 45, 15, 8, 42, 41, 6, 32, 41, 29, 46, 43, 28, 44, 33, 21, 47, 46, 29, 17, 45, 44, 28, 33, 1, 40, 47, 21, 2, 40, 45, 17, 33, 33, 49, 48, 28, 32, 46, 47, 25, 32, 49, 33, 42, 46, 32, 48, 33, 28, 48, 39, 5, 25, 47, 42, 8, 33, 29, 41, 43, 34, 28, 43, 49, 34, 33, 34, 43, 42, 33, 34, 49, 48, 32, 33, 42, 43, 51, 50, 48, 49, 50, 51, 33, 43, 41, 52, 51, 49, 43, 52, 50, 33, 39, 48, 54, 53, 42, 47, 53, 54, 33, 49, 42, 50, 55, 46, 48, 51, 55, 33, 48, 49, 55, 54, 47, 46, 55, 53, 33, 47, 40, 56, 57, 45, 40, 56, 57, 33, 46, 47, 57, 58, 44, 45, 57, 58, 33, 41, 46, 58, 52, 43, 44, 58, 52, 33, 45, 39, 53, 59, 41, 42, 54, 59, 33, 44, 45, 59, 60, 39, 41, 59, 60, 33, 40, 44, 60, 56, 40, 39, 60, 56], 
    "normals": [0.216041, -0.546617, 0.808985, 0.349559, -0.884457, 0.309, 0.681875, -0.50856, 0.525712, -0.235969, -0.833247, 0.499985, -0.31431, -0.4214, 0.850642, -0.08713, -0.996185, 0, 0.801569, -0.597858, 0, 0.349559, -0.884457, -0.309, 0.681875, -0.50856, -0.525712, -0.731376, -0.463729, 0.499985, -0.597858, -0.801569, 0, -0.929991, -0.367534, 0, -0.731376, -0.463729, -0.499985, -0.235969, -0.833247, -0.499985, -0.31431, -0.4214, -0.850642, 0.216041, -0.546617, -0.808985, 0, 0, 1, 0.585528, -0.05121, 0.809015, 0.31431, 0.4214, 0.850642, -0.947417, 0.082888, 0.309, -0.585528, 0.05121, 0.809015, -0.681875, 0.50856, 0.525712, -0.585528, 0.05121, -0.809015, -0.947417, 0.082888, -0.309, -0.681875, 0.50856, -0.525712, 0.585528, -0.05121, -0.809015, 0, 0, -1, 0.31431, 0.4214, -0.850642, 0.731376, 0.463729, 0.499985, -0.216041, 0.546617, 0.808985, -0.801569, 0.597858, 0, -0.216041, 0.546617, -0.808985, 0.731376, 0.463729, -0.499985, 0.235969, 0.833247, 0.499985, 0.597858, 0.801569, 0, 0.08713, 0.996185, 0, -0.349559, 0.884457, 0.309, -0.349559, 0.884457, -0.309, 0.235969, 0.833247, -0.499985, 0.964415, 0.234626, 0.121647, 0.976775, 0.075808, 0.200293, 0.964415, 0.234626, -0.121647, 0.976775, 0.075808, -0.200293, 0.984863, 0.084689, -0.151067, 0.983764, -0.176977, -0.029145, 0.972411, -0.033265, 0.230873, 0.983764, -0.176977, 0.029145, 0.972411, -0.033265, -0.230873, 0.984863, 0.084689, 0.151067, 0.963591, 0.267312, 0, 0.834376, -0.551164, 0, 0.706626, -0.430311, 0.561663, 0.706626, -0.430311, -0.561663, 0.823969, -0.064394, 0.562944, 0.715079, 0.662496, 0.222938, 0.686483, -0.449202, 0.571764, 0.715079, 0.662496, -0.222938, 0.823969, -0.064394, -0.562944, 0.686483, -0.449202, -0.571764, 0.59859, 0.80105, -9.2e-05, 0.59859, 0.80105, 9.2e-05], 
    "metadata": {
        "version": 3, 
        "generator": "io_three", 
        "normals": 61, 
        "uvs": 0, 
        "type": "Geometry", 
        "vertices": 61, 
        "faces": 90
    }
}